,promotion,holiday_season,discount_pct,ad_spend,forecast_sales,lower_95,upper_95
2026-01-01,0,0,5,12000,78966.08887768172,70841.58068728614,87090.59706807729
2026-02-01,0,0,5,12000,86358.16359719972,77918.67075992796,94797.65643447147
2026-03-01,0,0,5,12000,92124.49999335255,83414.87165827157,100834.12832843354
2026-04-01,0,0,5,12000,94753.2986429735,85782.3782071261,103724.21907882091
2026-05-01,0,0,5,12000,90822.73610051375,81597.93732065444,100047.53488037306
2026-06-01,0,0,5,12000,90350.2961975129,80878.42177498911,99822.17062003669
2026-07-01,0,0,5,12000,83406.65402130094,73693.9871642525,93119.32087834939
2026-08-01,1,0,20,23000,87263.85303164508,77316.2206564311,97211.48540685905
2026-09-01,0,0,5,12000,79168.18064011604,68991.00606814347,89345.35521208862
2026-10-01,0,1,5,12000,78349.90222090189,67948.2497241134,88751.55471769038
2026-11-01,1,1,20,23000,88112.2075810375,77490.8203336561,98733.59482841889
2026-12-01,1,1,20,23000,101595.53634786823,90758.86898872173,112432.20370701472
