date,sales,promotion,holiday_season,discount_pct,ad_spend
2019-01-01,43066.51,0,0,2.3,7929.43
2019-02-01,41705.96,0,0,4.1,17295.34
2019-03-01,50641.92,0,0,2.0,8511.49
2019-04-01,52712.46,0,0,7.5,17547.68
2019-05-01,42473.56,0,0,1.3,15809.73
2019-06-01,43251.89,0,0,0.4,13530.5
2019-07-01,45917.32,0,0,3.5,15608.87
2019-08-01,47114.82,1,0,17.6,27369.96
2019-09-01,41318.34,0,0,7.1,17406.3
2019-10-01,38082.54,0,1,6.0,9787.22
2019-11-01,53780.9,1,1,17.2,28814.56
2019-12-01,59866.16,1,1,11.8,17482.98
2020-01-01,49170.87,0,0,4.2,13777.82
2020-02-01,56682.09,0,0,2.5,8884.2
2020-03-01,57372.68,0,0,6.2,13214.46
2020-04-01,54254.89,0,0,5.3,13296.74
2020-05-01,58313.87,0,0,3.0,12125.84
2020-06-01,51844.27,0,0,0.8,12748.95
2020-07-01,55484.21,0,0,6.0,15403.16
2020-08-01,55314.24,1,0,24.3,23867.16
2020-09-01,46888.58,0,0,7.5,12413.69
2020-10-01,44722.53,0,1,1.9,13595.53
2020-11-01,62345.72,1,1,11.9,19769.87
2020-12-01,64803.05,1,1,28.1,22567.89
2021-01-01,54380.37,0,0,1.2,8288.14
2021-02-01,58895.12,0,0,1.4,7964.8
2021-03-01,65320.54,0,0,4.8,14236.5
2021-04-01,66383.39,0,0,7.0,11604.69
2021-05-01,66188.87,0,0,1.6,15517.54
2021-06-01,64099.08,0,0,2.5,14383.55
2021-07-01,66845.16,0,0,6.2,10670.02
2021-08-01,61333.85,1,0,24.4,21243.94
2021-09-01,51901.21,0,0,4.0,15387.85
2021-10-01,50295.17,0,1,1.2,9975.88
2021-11-01,67586.58,1,1,21.7,22856.29
2021-12-01,77495.33,1,1,23.0,16525.08
2022-01-01,62420.46,0,0,1.1,8733.73
2022-02-01,64577.89,0,0,5.4,8625.62
2022-03-01,68292.84,0,0,1.0,17297.4
2022-04-01,75223.34,0,0,4.1,11816.94
2022-05-01,75066.76,0,0,5.6,11216.52
2022-06-01,71883.09,0,0,4.6,15026.54
2022-07-01,63959.87,0,0,1.6,13082.92
2022-08-01,70836.18,1,0,21.8,27030.39
2022-09-01,60260.91,0,0,5.7,15583.32
2022-10-01,59946.37,0,1,5.9,12273.07
2022-11-01,75844.48,1,1,21.6,26684.95
2022-12-01,82526.53,1,1,16.9,17018.28
2023-01-01,72135.23,0,0,7.4,14895.36
2023-02-01,75145.8,0,0,3.2,17463.14
2023-03-01,79911.5,0,0,2.4,8303.26
2023-04-01,82997.7,0,0,3.9,16355.87
2023-05-01,75086.38,0,0,5.3,14007.81
2023-06-01,76254.04,0,0,7.6,8341.14
2023-07-01,71582.61,0,0,2.3,13470.84
2023-08-01,75054.86,1,0,19.8,17096.53
2023-09-01,65047.97,0,0,0.2,7135.33
2023-10-01,70450.85,0,1,4.4,11997.5
2023-11-01,77127.89,1,1,19.5,18488.55
2023-12-01,93332.94,1,1,15.3,20512.68
2024-01-01,70808.75,0,0,1.1,12044.03
2024-02-01,81128.02,0,0,3.4,11865.46
2024-03-01,87190.28,0,0,7.7,10321.2
2024-04-01,90681.9,0,0,4.8,17102.86
2024-05-01,90396.78,0,0,7.5,15594.23
2024-06-01,87540.45,0,0,6.4,8216.47
2024-07-01,78948.14,0,0,3.7,17967.38
2024-08-01,82940.01,1,0,21.1,22213.66
2024-09-01,75172.35,0,0,0.1,10122.99
2024-10-01,70586.58,0,1,0.9,16205.86
2024-11-01,83057.22,1,1,15.6,27728.41
2024-12-01,94177.48,1,1,23.2,24788.81
2025-01-01,80420.47,0,0,1.9,14322.53
2025-02-01,91431.03,0,0,4.2,14151.38
2025-03-01,94840.19,0,0,4.8,7994.85
2025-04-01,98888.75,0,0,6.9,16867.37
2025-05-01,94133.16,0,0,4.8,7318.99
2025-06-01,92709.47,0,0,3.3,9649.11
2025-07-01,89298.0,0,0,3.0,8573.24
2025-08-01,90742.85,1,0,17.4,27910.79
2025-09-01,79926.6,0,0,5.2,9180.25
2025-10-01,74976.99,0,1,6.9,17017.02
2025-11-01,93615.26,1,1,16.3,16426.44
2025-12-01,105007.92,1,1,29.1,25885.73
